{
  "project_info": {
    "project_number": "489699285817",
    "firebase_url": "https://linux1-24d0e.firebaseio.com",
    "project_id": "linux1-24d0e",
    "storage_bucket": "linux1-24d0e.appspot.com"
  },
  "client": [
    {
      "client_info": {
        "mobilesdk_app_id": "1:489699285817:android:b5b89f6d905f7da2",
        "android_client_info": {
          "package_name": "linux1.com.linux1"
        }
      },
      "oauth_client": [
        {
          "client_id": "489699285817-smfo1kqdsa67ps32d30c6h0kvkhmdkis.apps.googleusercontent.com",
          "client_type": 1,
          "android_info": {
            "package_name": "linux1.com.linux1",
            "certificate_hash": "7a2220db122505b774ef530fb52b6667a7bd94e2"
          }
        }
      ],
      "api_key": [
        {
          "current_key": "AIzaSyDb0Qm5thl2uOp3wsVwCVwVLlX_9627G54"
        }
      ],
      "services": {
        "appinvite_service": {
          "other_platform_oauth_client": [
            {
              "client_id": "489699285817-3tqd5orfi6akdqme6d008o06am7dkdhc.apps.googleusercontent.com",
              "client_type": 3
            }
          ]
        }
      }
    }
  ],
  "configuration_version": "1"
}